{
    "status": "success",
    "error": "",
    "totalValueLocked": 49741.08083596047,
    "depositPoolBalance": 1199.7289855915028,
    "minipoolCapacity": 0,
    "stakerUtilization": 0.5766022318550653,
    "nodeFee": 0.2,
    "nodeCount": 726,
    "initializedMinipoolCount": 0,
    "prelaunchMinipoolCount": 0,
    "stakingMinipoolCount": 1211,
    "withdrawableMinipoolCount": 2,
    "dissolvedMinipoolCount": 91,
    "finalizedMinipoolCount": 1,
    "rplPrice": 0.011807381017613623,
    "totalRplStaked": 577041.7538152769,
    "effectiveRplStaked": 544668.7049126887,
    "rethPrice": 1.0178882664916697
}